{
  "FilterHeaders": [
    {
      "Header": "user-agent",
      "IncludeInScript": false
    },
    {
      "Header": "cache-control",
      "IncludeInScript": false
    },
    {
      "Header": "accept-language",
      "IncludeInScript": false
    },
    {
      "Header": "accept-encoding",
      "IncludeInScript": false
    },
    {
      "Header": "accept",
      "IncludeInScript": false
    }
  ],
  "FilterResources": [
    {
      "IsNonResource": true,
      "type": "text/html"
    },
    {
      "IsNonResource": false,
      "type": "text/css"
    },
    {
      "IsNonResource": false,
      "type": "image/x-icon"
    },
    {
      "IsNonResource": false,
      "type": "image/gif"
    }
  ],
  "GeneralInfo": {
    "BrowserVersion": "",
    "IsWinInetMode": false,
    "MaxUsedConnections": 12,
    "RecordedBrowser": "Internet Explorer",
    "RecordingDate": "oct.-04-2018",
    "RecordingDuration": 274672,
    "RecordingMode": "N/A",
    "RecordingTimeStamp": 1538656467,
    "RecordingType": "Browser",
    "TotalBytesReceived": 292111,
    "TotalBytesSent": 55919,
    "TotalRequests": 121,
    "UserAgent": "Mozilla/5.0 (Windows NT 10.0; WOW64; Trident/7.0; rv:11.0) like Gecko"
  },
  "HostInfo": [
    {
      "DomainName": "cfapps.io",
      "Domains": [
        {
          "HTTPVersion": "HTTP/1.1",
          "IP": "52.70.245.194",
          "IncludeInScript": true,
          "Name": "jpetstore.cfapps.io",
          "Port": 443,
          "Requests": [
            {
              "CompressionType": "",
              "DataType": "image/x-icon",
              "DownloadTime": 125,
              "EventId": 2682,
              "HttpStatus": 200,
              "Size": 946,
              "URL": "https://jpetstore.cfapps.io/favicon.ico"
            },
            {
              "CompressionType": "",
              "DataType": "image/gif",
              "DownloadTime": 125,
              "EventId": 2680,
              "HttpStatus": 200,
              "Size": 251,
              "URL": "https://jpetstore.cfapps.io/images/sm_birds.gif"
            },
            {
              "CompressionType": "",
              "DataType": "image/gif",
              "DownloadTime": 125,
              "EventId": 2678,
              "HttpStatus": 200,
              "Size": 6161,
              "URL": "https://jpetstore.cfapps.io/images/banner_dogs.gif"
            },
            {
              "CompressionType": "",
              "DataType": "image/gif",
              "DownloadTime": 172,
              "EventId": 2676,
              "HttpStatus": 200,
              "Size": 289,
              "URL": "https://jpetstore.cfapps.io/images/sm_cats.gif"
            },
            {
              "CompressionType": "",
              "DataType": "image/gif",
              "DownloadTime": 281,
              "EventId": 2674,
              "HttpStatus": 200,
              "Size": 96,
              "URL": "https://jpetstore.cfapps.io/images/cart.gif"
            },
            {
              "CompressionType": "",
              "DataType": "image/gif",
              "DownloadTime": 265,
              "EventId": 2672,
              "HttpStatus": 200,
              "Size": 3808,
              "URL": "https://jpetstore.cfapps.io/images/logo-topbar.gif"
            },
            {
              "CompressionType": "",
              "DataType": "image/gif",
              "DownloadTime": 265,
              "EventId": 2670,
              "HttpStatus": 200,
              "Size": 306,
              "URL": "https://jpetstore.cfapps.io/images/sm_dogs.gif"
            },
            {
              "CompressionType": "",
              "DataType": "image/gif",
              "DownloadTime": 156,
              "EventId": 2668,
              "HttpStatus": 200,
              "Size": 398,
              "URL": "https://jpetstore.cfapps.io/images/sm_reptiles.gif"
            },
            {
              "CompressionType": "",
              "DataType": "image/gif",
              "DownloadTime": 266,
              "EventId": 2666,
              "HttpStatus": 200,
              "Size": 271,
              "URL": "https://jpetstore.cfapps.io/images/sm_fish.gif"
            },
            {
              "CompressionType": "",
              "DataType": "image/gif",
              "DownloadTime": 109,
              "EventId": 2664,
              "HttpStatus": 200,
              "Size": 46,
              "URL": "https://jpetstore.cfapps.io/images/separator.gif"
            },
            {
              "CompressionType": "",
              "DataType": "text/css",
              "DownloadTime": 109,
              "EventId": 2662,
              "HttpStatus": 200,
              "Size": 5936,
              "URL": "https://jpetstore.cfapps.io/css/jpetstore.css"
            },
            {
              "CompressionType": "",
              "DataType": "text/html",
              "DownloadTime": 140,
              "EventId": 2660,
              "HttpStatus": 200,
              "Size": 9387,
              "URL": "https://jpetstore.cfapps.io/my/orders/1013"
            },
            {
              "CompressionType": "",
              "DataType": "",
              "DownloadTime": 125,
              "EventId": 2658,
              "HttpStatus": 302,
              "Size": 0,
              "URL": "https://jpetstore.cfapps.io/my/orders/create"
            },
            {
              "CompressionType": "",
              "DataType": "image/x-icon",
              "DownloadTime": 110,
              "EventId": 2655,
              "HttpStatus": 200,
              "Size": 946,
              "URL": "https://jpetstore.cfapps.io/favicon.ico"
            },
            {
              "CompressionType": "",
              "DataType": "image/gif",
              "DownloadTime": 125,
              "EventId": 2653,
              "HttpStatus": 200,
              "Size": 271,
              "URL": "https://jpetstore.cfapps.io/images/sm_fish.gif"
            },
            {
              "CompressionType": "",
              "DataType": "image/gif",
              "DownloadTime": 125,
              "EventId": 2651,
              "HttpStatus": 200,
              "Size": 96,
              "URL": "https://jpetstore.cfapps.io/images/cart.gif"
            },
            {
              "CompressionType": "",
              "DataType": "image/gif",
              "DownloadTime": 109,
              "EventId": 2649,
              "HttpStatus": 200,
              "Size": 306,
              "URL": "https://jpetstore.cfapps.io/images/sm_dogs.gif"
            },
            {
              "CompressionType": "",
              "DataType": "image/gif",
              "DownloadTime": 125,
              "EventId": 2641,
              "HttpStatus": 200,
              "Size": 6161,
              "URL": "https://jpetstore.cfapps.io/images/banner_dogs.gif"
            },
            {
              "CompressionType": "",
              "DataType": "image/gif",
              "DownloadTime": 125,
              "EventId": 2639,
              "HttpStatus": 200,
              "Size": 46,
              "URL": "https://jpetstore.cfapps.io/images/separator.gif"
            },
            {
              "CompressionType": "",
              "DataType": "image/gif",
              "DownloadTime": 125,
              "EventId": 2637,
              "HttpStatus": 200,
              "Size": 251,
              "URL": "https://jpetstore.cfapps.io/images/sm_birds.gif"
            },
            {
              "CompressionType": "",
              "DataType": "image/gif",
              "DownloadTime": 110,
              "EventId": 2635,
              "HttpStatus": 200,
              "Size": 289,
              "URL": "https://jpetstore.cfapps.io/images/sm_cats.gif"
            },
            {
              "CompressionType": "",
              "DataType": "image/gif",
              "DownloadTime": 140,
              "EventId": 2631,
              "HttpStatus": 200,
              "Size": 3808,
              "URL": "https://jpetstore.cfapps.io/images/logo-topbar.gif"
            },
            {
              "CompressionType": "",
              "DataType": "image/gif",
              "DownloadTime": 141,
              "EventId": 2629,
              "HttpStatus": 200,
              "Size": 398,
              "URL": "https://jpetstore.cfapps.io/images/sm_reptiles.gif"
            },
            {
              "CompressionType": "",
              "DataType": "text/css",
              "DownloadTime": 344,
              "EventId": 2627,
              "HttpStatus": 200,
              "Size": 5936,
              "URL": "https://jpetstore.cfapps.io/css/jpetstore.css"
            },
            {
              "CompressionType": "",
              "DataType": "text/html",
              "DownloadTime": 156,
              "EventId": 2613,
              "HttpStatus": 200,
              "Size": 6821,
              "URL": "https://jpetstore.cfapps.io/my/orders/create"
            },
            {
              "CompressionType": "",
              "DataType": "image/x-icon",
              "DownloadTime": 110,
              "EventId": 2601,
              "HttpStatus": 200,
              "Size": 946,
              "URL": "https://jpetstore.cfapps.io/favicon.ico"
            },
            {
              "CompressionType": "",
              "DataType": "image/gif",
              "DownloadTime": 141,
              "EventId": 2599,
              "HttpStatus": 200,
              "Size": 251,
              "URL": "https://jpetstore.cfapps.io/images/sm_birds.gif"
            },
            {
              "CompressionType": "",
              "DataType": "image/gif",
              "DownloadTime": 140,
              "EventId": 2597,
              "HttpStatus": 200,
              "Size": 6161,
              "URL": "https://jpetstore.cfapps.io/images/banner_dogs.gif"
            },
            {
              "CompressionType": "",
              "DataType": "image/gif",
              "DownloadTime": 125,
              "EventId": 2595,
              "HttpStatus": 200,
              "Size": 289,
              "URL": "https://jpetstore.cfapps.io/images/sm_cats.gif"
            },
            {
              "CompressionType": "",
              "DataType": "image/gif",
              "DownloadTime": 360,
              "EventId": 2593,
              "HttpStatus": 200,
              "Size": 306,
              "URL": "https://jpetstore.cfapps.io/images/sm_dogs.gif"
            },
            {
              "CompressionType": "",
              "DataType": "image/gif",
              "DownloadTime": 219,
              "EventId": 2591,
              "HttpStatus": 200,
              "Size": 398,
              "URL": "https://jpetstore.cfapps.io/images/sm_reptiles.gif"
            },
            {
              "CompressionType": "",
              "DataType": "image/gif",
              "DownloadTime": 344,
              "EventId": 2589,
              "HttpStatus": 200,
              "Size": 46,
              "URL": "https://jpetstore.cfapps.io/images/separator.gif"
            },
            {
              "CompressionType": "",
              "DataType": "image/gif",
              "DownloadTime": 359,
              "EventId": 2587,
              "HttpStatus": 200,
              "Size": 3808,
              "URL": "https://jpetstore.cfapps.io/images/logo-topbar.gif"
            },
            {
              "CompressionType": "",
              "DataType": "image/gif",
              "DownloadTime": 329,
              "EventId": 2585,
              "HttpStatus": 200,
              "Size": 96,
              "URL": "https://jpetstore.cfapps.io/images/cart.gif"
            },
            {
              "CompressionType": "",
              "DataType": "image/gif",
              "DownloadTime": 329,
              "EventId": 2583,
              "HttpStatus": 200,
              "Size": 271,
              "URL": "https://jpetstore.cfapps.io/images/sm_fish.gif"
            },
            {
              "CompressionType": "",
              "DataType": "text/css",
              "DownloadTime": 140,
              "EventId": 2581,
              "HttpStatus": 200,
              "Size": 5936,
              "URL": "https://jpetstore.cfapps.io/css/jpetstore.css"
            },
            {
              "CompressionType": "",
              "DataType": "text/html",
              "DownloadTime": 125,
              "EventId": 2579,
              "HttpStatus": 200,
              "Size": 8103,
              "URL": "https://jpetstore.cfapps.io/my/orders/create?form"
            },
            {
              "CompressionType": "",
              "DataType": "image/x-icon",
              "DownloadTime": 110,
              "EventId": 2575,
              "HttpStatus": 200,
              "Size": 946,
              "URL": "https://jpetstore.cfapps.io/favicon.ico"
            },
            {
              "CompressionType": "",
              "DataType": "image/gif",
              "DownloadTime": 140,
              "EventId": 2573,
              "HttpStatus": 200,
              "Size": 6161,
              "URL": "https://jpetstore.cfapps.io/images/banner_dogs.gif"
            },
            {
              "CompressionType": "",
              "DataType": "image/gif",
              "DownloadTime": 140,
              "EventId": 2571,
              "HttpStatus": 200,
              "Size": 289,
              "URL": "https://jpetstore.cfapps.io/images/sm_cats.gif"
            },
            {
              "CompressionType": "",
              "DataType": "image/gif",
              "DownloadTime": 125,
              "EventId": 2569,
              "HttpStatus": 200,
              "Size": 251,
              "URL": "https://jpetstore.cfapps.io/images/sm_birds.gif"
            },
            {
              "CompressionType": "",
              "DataType": "image/gif",
              "DownloadTime": 282,
              "EventId": 2567,
              "HttpStatus": 200,
              "Size": 271,
              "URL": "https://jpetstore.cfapps.io/images/sm_fish.gif"
            },
            {
              "CompressionType": "",
              "DataType": "image/gif",
              "DownloadTime": 156,
              "EventId": 2565,
              "HttpStatus": 200,
              "Size": 398,
              "URL": "https://jpetstore.cfapps.io/images/sm_reptiles.gif"
            },
            {
              "CompressionType": "",
              "DataType": "image/gif",
              "DownloadTime": 266,
              "EventId": 2563,
              "HttpStatus": 200,
              "Size": 306,
              "URL": "https://jpetstore.cfapps.io/images/sm_dogs.gif"
            },
            {
              "CompressionType": "",
              "DataType": "image/gif",
              "DownloadTime": 281,
              "EventId": 2561,
              "HttpStatus": 200,
              "Size": 46,
              "URL": "https://jpetstore.cfapps.io/images/separator.gif"
            },
            {
              "CompressionType": "",
              "DataType": "image/gif",
              "DownloadTime": 265,
              "EventId": 2559,
              "HttpStatus": 200,
              "Size": 96,
              "URL": "https://jpetstore.cfapps.io/images/cart.gif"
            },
            {
              "CompressionType": "",
              "DataType": "image/gif",
              "DownloadTime": 265,
              "EventId": 2557,
              "HttpStatus": 200,
              "Size": 3808,
              "URL": "https://jpetstore.cfapps.io/images/logo-topbar.gif"
            },
            {
              "CompressionType": "",
              "DataType": "text/css",
              "DownloadTime": 125,
              "EventId": 2554,
              "HttpStatus": 200,
              "Size": 5936,
              "URL": "https://jpetstore.cfapps.io/css/jpetstore.css"
            },
            {
              "CompressionType": "",
              "DataType": "text/html",
              "DownloadTime": 140,
              "EventId": 2552,
              "HttpStatus": 200,
              "Size": 8624,
              "URL": "https://jpetstore.cfapps.io/cart"
            },
            {
              "CompressionType": "",
              "DataType": "",
              "DownloadTime": 125,
              "EventId": 2550,
              "HttpStatus": 302,
              "Size": 0,
              "URL": "https://jpetstore.cfapps.io/cart?add&itemId=EST-6"
            },
            {
              "CompressionType": "",
              "DataType": "image/x-icon",
              "DownloadTime": 797,
              "EventId": 2544,
              "HttpStatus": 200,
              "Size": 946,
              "URL": "https://jpetstore.cfapps.io/favicon.ico"
            },
            {
              "CompressionType": "",
              "DataType": "image/gif",
              "DownloadTime": 125,
              "EventId": 2542,
              "HttpStatus": 200,
              "Size": 251,
              "URL": "https://jpetstore.cfapps.io/images/sm_birds.gif"
            },
            {
              "CompressionType": "",
              "DataType": "image/gif",
              "DownloadTime": 125,
              "EventId": 2540,
              "HttpStatus": 200,
              "Size": 6161,
              "URL": "https://jpetstore.cfapps.io/images/banner_dogs.gif"
            },
            {
              "CompressionType": "",
              "DataType": "image/gif",
              "DownloadTime": 125,
              "EventId": 2538,
              "HttpStatus": 200,
              "Size": 398,
              "URL": "https://jpetstore.cfapps.io/images/sm_reptiles.gif"
            },
            {
              "CompressionType": "",
              "DataType": "image/gif",
              "DownloadTime": 109,
              "EventId": 2536,
              "HttpStatus": 200,
              "Size": 289,
              "URL": "https://jpetstore.cfapps.io/images/sm_cats.gif"
            },
            {
              "CompressionType": "",
              "DataType": "image/gif",
              "DownloadTime": 109,
              "EventId": 2534,
              "HttpStatus": 200,
              "Size": 306,
              "URL": "https://jpetstore.cfapps.io/images/sm_dogs.gif"
            },
            {
              "CompressionType": "",
              "DataType": "image/gif",
              "DownloadTime": 171,
              "EventId": 2532,
              "HttpStatus": 200,
              "Size": 271,
              "URL": "https://jpetstore.cfapps.io/images/sm_fish.gif"
            },
            {
              "CompressionType": "",
              "DataType": "text/css",
              "DownloadTime": 187,
              "EventId": 2530,
              "HttpStatus": 200,
              "Size": 5936,
              "URL": "https://jpetstore.cfapps.io/css/jpetstore.css"
            },
            {
              "CompressionType": "",
              "DataType": "image/gif",
              "DownloadTime": 171,
              "EventId": 2528,
              "HttpStatus": 200,
              "Size": 96,
              "URL": "https://jpetstore.cfapps.io/images/cart.gif"
            },
            {
              "CompressionType": "",
              "DataType": "image/gif",
              "DownloadTime": 156,
              "EventId": 2526,
              "HttpStatus": 200,
              "Size": 46,
              "URL": "https://jpetstore.cfapps.io/images/separator.gif"
            },
            {
              "CompressionType": "",
              "DataType": "image/gif",
              "DownloadTime": 172,
              "EventId": 2524,
              "HttpStatus": 200,
              "Size": 3808,
              "URL": "https://jpetstore.cfapps.io/images/logo-topbar.gif"
            },
            {
              "CompressionType": "",
              "DataType": "text/html",
              "DownloadTime": 125,
              "EventId": 2520,
              "HttpStatus": 200,
              "Size": 5826,
              "URL": "https://jpetstore.cfapps.io/catalog/products/K9-BD-01"
            },
            {
              "CompressionType": "",
              "DataType": "image/x-icon",
              "DownloadTime": 125,
              "EventId": 2518,
              "HttpStatus": 200,
              "Size": 946,
              "URL": "https://jpetstore.cfapps.io/favicon.ico"
            },
            {
              "CompressionType": "",
              "DataType": "image/gif",
              "DownloadTime": 282,
              "EventId": 2515,
              "HttpStatus": 200,
              "Size": 6161,
              "URL": "https://jpetstore.cfapps.io/images/banner_dogs.gif"
            },
            {
              "CompressionType": "",
              "DataType": "image/gif",
              "DownloadTime": 281,
              "EventId": 2513,
              "HttpStatus": 200,
              "Size": 251,
              "URL": "https://jpetstore.cfapps.io/images/sm_birds.gif"
            },
            {
              "CompressionType": "",
              "DataType": "image/gif",
              "DownloadTime": 110,
              "EventId": 2511,
              "HttpStatus": 200,
              "Size": 289,
              "URL": "https://jpetstore.cfapps.io/images/sm_cats.gif"
            },
            {
              "CompressionType": "",
              "DataType": "image/gif",
              "DownloadTime": 125,
              "EventId": 2509,
              "HttpStatus": 200,
              "Size": 398,
              "URL": "https://jpetstore.cfapps.io/images/sm_reptiles.gif"
            },
            {
              "CompressionType": "",
              "DataType": "image/gif",
              "DownloadTime": 125,
              "EventId": 2507,
              "HttpStatus": 200,
              "Size": 306,
              "URL": "https://jpetstore.cfapps.io/images/sm_dogs.gif"
            },
            {
              "CompressionType": "",
              "DataType": "image/gif",
              "DownloadTime": 141,
              "EventId": 2505,
              "HttpStatus": 200,
              "Size": 96,
              "URL": "https://jpetstore.cfapps.io/images/cart.gif"
            },
            {
              "CompressionType": "",
              "DataType": "image/gif",
              "DownloadTime": 125,
              "EventId": 2503,
              "HttpStatus": 200,
              "Size": 3808,
              "URL": "https://jpetstore.cfapps.io/images/logo-topbar.gif"
            },
            {
              "CompressionType": "",
              "DataType": "image/gif",
              "DownloadTime": 125,
              "EventId": 2501,
              "HttpStatus": 200,
              "Size": 46,
              "URL": "https://jpetstore.cfapps.io/images/separator.gif"
            },
            {
              "CompressionType": "",
              "DataType": "image/gif",
              "DownloadTime": 125,
              "EventId": 2499,
              "HttpStatus": 200,
              "Size": 271,
              "URL": "https://jpetstore.cfapps.io/images/sm_fish.gif"
            },
            {
              "CompressionType": "",
              "DataType": "text/css",
              "DownloadTime": 125,
              "EventId": 2497,
              "HttpStatus": 200,
              "Size": 5936,
              "URL": "https://jpetstore.cfapps.io/css/jpetstore.css"
            },
            {
              "CompressionType": "",
              "DataType": "text/html",
              "DownloadTime": 125,
              "EventId": 2495,
              "HttpStatus": 200,
              "Size": 5360,
              "URL": "https://jpetstore.cfapps.io/catalog/categories/DOGS"
            },
            {
              "CompressionType": "",
              "DataType": "image/x-icon",
              "DownloadTime": 109,
              "EventId": 2493,
              "HttpStatus": 200,
              "Size": 946,
              "URL": "https://jpetstore.cfapps.io/favicon.ico"
            },
            {
              "CompressionType": "",
              "DataType": "image/gif",
              "DownloadTime": 125,
              "EventId": 2491,
              "HttpStatus": 200,
              "Size": 6161,
              "URL": "https://jpetstore.cfapps.io/images/banner_dogs.gif"
            },
            {
              "CompressionType": "",
              "DataType": "image/gif",
              "DownloadTime": 359,
              "EventId": 2488,
              "HttpStatus": 200,
              "Size": 439,
              "URL": "https://jpetstore.cfapps.io/images/fish_icon.gif"
            },
            {
              "CompressionType": "",
              "DataType": "image/gif",
              "DownloadTime": 235,
              "EventId": 2485,
              "HttpStatus": 200,
              "Size": 36097,
              "URL": "https://jpetstore.cfapps.io/images/splash.gif"
            },
            {
              "CompressionType": "",
              "DataType": "image/gif",
              "DownloadTime": 156,
              "EventId": 2483,
              "HttpStatus": 200,
              "Size": 408,
              "URL": "https://jpetstore.cfapps.io/images/cats_icon.gif"
            },
            {
              "CompressionType": "",
              "DataType": "image/gif",
              "DownloadTime": 250,
              "EventId": 2481,
              "HttpStatus": 200,
              "Size": 468,
              "URL": "https://jpetstore.cfapps.io/images/dogs_icon.gif"
            },
            {
              "CompressionType": "",
              "DataType": "image/gif",
              "DownloadTime": 234,
              "EventId": 2479,
              "HttpStatus": 200,
              "Size": 669,
              "URL": "https://jpetstore.cfapps.io/images/reptiles_icon.gif"
            },
            {
              "CompressionType": "",
              "DataType": "image/gif",
              "DownloadTime": 125,
              "EventId": 2477,
              "HttpStatus": 200,
              "Size": 471,
              "URL": "https://jpetstore.cfapps.io/images/birds_icon.gif"
            },
            {
              "CompressionType": "",
              "DataType": "image/gif",
              "DownloadTime": 125,
              "EventId": 2475,
              "HttpStatus": 200,
              "Size": 251,
              "URL": "https://jpetstore.cfapps.io/images/sm_birds.gif"
            },
            {
              "CompressionType": "",
              "DataType": "image/gif",
              "DownloadTime": 110,
              "EventId": 2473,
              "HttpStatus": 200,
              "Size": 289,
              "URL": "https://jpetstore.cfapps.io/images/sm_cats.gif"
            },
            {
              "CompressionType": "",
              "DataType": "image/gif",
              "DownloadTime": 109,
              "EventId": 2471,
              "HttpStatus": 200,
              "Size": 398,
              "URL": "https://jpetstore.cfapps.io/images/sm_reptiles.gif"
            },
            {
              "CompressionType": "",
              "DataType": "image/gif",
              "DownloadTime": 141,
              "EventId": 2469,
              "HttpStatus": 200,
              "Size": 306,
              "URL": "https://jpetstore.cfapps.io/images/sm_dogs.gif"
            },
            {
              "CompressionType": "",
              "DataType": "image/gif",
              "DownloadTime": 125,
              "EventId": 2467,
              "HttpStatus": 200,
              "Size": 271,
              "URL": "https://jpetstore.cfapps.io/images/sm_fish.gif"
            },
            {
              "CompressionType": "",
              "DataType": "image/gif",
              "DownloadTime": 110,
              "EventId": 2465,
              "HttpStatus": 200,
              "Size": 3808,
              "URL": "https://jpetstore.cfapps.io/images/logo-topbar.gif"
            },
            {
              "CompressionType": "",
              "DataType": "image/gif",
              "DownloadTime": 125,
              "EventId": 2463,
              "HttpStatus": 200,
              "Size": 96,
              "URL": "https://jpetstore.cfapps.io/images/cart.gif"
            },
            {
              "CompressionType": "",
              "DataType": "image/gif",
              "DownloadTime": 109,
              "EventId": 2461,
              "HttpStatus": 200,
              "Size": 46,
              "URL": "https://jpetstore.cfapps.io/images/separator.gif"
            },
            {
              "CompressionType": "",
              "DataType": "text/css",
              "DownloadTime": 109,
              "EventId": 2458,
              "HttpStatus": 200,
              "Size": 5936,
              "URL": "https://jpetstore.cfapps.io/css/jpetstore.css"
            },
            {
              "CompressionType": "",
              "DataType": "text/html",
              "DownloadTime": 109,
              "EventId": 2456,
              "HttpStatus": 200,
              "Size": 6351,
              "URL": "https://jpetstore.cfapps.io/catalog"
            },
            {
              "CompressionType": "",
              "DataType": "",
              "DownloadTime": 781,
              "EventId": 2454,
              "HttpStatus": 302,
              "Size": 0,
              "URL": "https://jpetstore.cfapps.io/login"
            },
            {
              "CompressionType": "",
              "DataType": "image/x-icon",
              "DownloadTime": 109,
              "EventId": 2450,
              "HttpStatus": 200,
              "Size": 946,
              "URL": "https://jpetstore.cfapps.io/favicon.ico"
            },
            {
              "CompressionType": "",
              "DataType": "image/gif",
              "DownloadTime": 110,
              "EventId": 2448,
              "HttpStatus": 200,
              "Size": 251,
              "URL": "https://jpetstore.cfapps.io/images/sm_birds.gif"
            },
            {
              "CompressionType": "",
              "DataType": "image/gif",
              "DownloadTime": 172,
              "EventId": 2444,
              "HttpStatus": 200,
              "Size": 398,
              "URL": "https://jpetstore.cfapps.io/images/sm_reptiles.gif"
            },
            {
              "CompressionType": "",
              "DataType": "image/gif",
              "DownloadTime": 282,
              "EventId": 2442,
              "HttpStatus": 200,
              "Size": 3808,
              "URL": "https://jpetstore.cfapps.io/images/logo-topbar.gif"
            },
            {
              "CompressionType": "",
              "DataType": "image/gif",
              "DownloadTime": 282,
              "EventId": 2440,
              "HttpStatus": 200,
              "Size": 46,
              "URL": "https://jpetstore.cfapps.io/images/separator.gif"
            },
            {
              "CompressionType": "",
              "DataType": "image/gif",
              "DownloadTime": 266,
              "EventId": 2438,
              "HttpStatus": 200,
              "Size": 306,
              "URL": "https://jpetstore.cfapps.io/images/sm_dogs.gif"
            },
            {
              "CompressionType": "",
              "DataType": "image/gif",
              "DownloadTime": 265,
              "EventId": 2436,
              "HttpStatus": 200,
              "Size": 271,
              "URL": "https://jpetstore.cfapps.io/images/sm_fish.gif"
            },
            {
              "CompressionType": "",
              "DataType": "image/gif",
              "DownloadTime": 125,
              "EventId": 2434,
              "HttpStatus": 200,
              "Size": 289,
              "URL": "https://jpetstore.cfapps.io/images/sm_cats.gif"
            },
            {
              "CompressionType": "",
              "DataType": "image/gif",
              "DownloadTime": 125,
              "EventId": 2432,
              "HttpStatus": 200,
              "Size": 96,
              "URL": "https://jpetstore.cfapps.io/images/cart.gif"
            },
            {
              "CompressionType": "",
              "DataType": "text/css",
              "DownloadTime": 109,
              "EventId": 2430,
              "HttpStatus": 200,
              "Size": 5936,
              "URL": "https://jpetstore.cfapps.io/css/jpetstore.css"
            },
            {
              "CompressionType": "",
              "DataType": "text/html",
              "DownloadTime": 125,
              "EventId": 2428,
              "HttpStatus": 200,
              "Size": 4190,
              "URL": "https://jpetstore.cfapps.io/login"
            },
            {
              "CompressionType": "",
              "DataType": "image/x-icon",
              "DownloadTime": 219,
              "EventId": 2020,
              "HttpStatus": 200,
              "Size": 946,
              "URL": "https://jpetstore.cfapps.io/favicon.ico"
            },
            {
              "CompressionType": "",
              "DataType": "image/gif",
              "DownloadTime": 125,
              "EventId": 2018,
              "HttpStatus": 200,
              "Size": 96,
              "URL": "https://jpetstore.cfapps.io/images/cart.gif"
            },
            {
              "CompressionType": "",
              "DataType": "image/gif",
              "DownloadTime": 125,
              "EventId": 2016,
              "HttpStatus": 200,
              "Size": 271,
              "URL": "https://jpetstore.cfapps.io/images/sm_fish.gif"
            },
            {
              "CompressionType": "",
              "DataType": "image/gif",
              "DownloadTime": 203,
              "EventId": 2007,
              "HttpStatus": 200,
              "Size": 36097,
              "URL": "https://jpetstore.cfapps.io/images/splash.gif"
            },
            {
              "CompressionType": "",
              "DataType": "image/gif",
              "DownloadTime": 125,
              "EventId": 2005,
              "HttpStatus": 200,
              "Size": 3808,
              "URL": "https://jpetstore.cfapps.io/images/logo-topbar.gif"
            },
            {
              "CompressionType": "",
              "DataType": "image/gif",
              "DownloadTime": 125,
              "EventId": 2003,
              "HttpStatus": 200,
              "Size": 471,
              "URL": "https://jpetstore.cfapps.io/images/birds_icon.gif"
            },
            {
              "CompressionType": "",
              "DataType": "image/gif",
              "DownloadTime": 110,
              "EventId": 2001,
              "HttpStatus": 200,
              "Size": 408,
              "URL": "https://jpetstore.cfapps.io/images/cats_icon.gif"
            },
            {
              "CompressionType": "",
              "DataType": "image/gif",
              "DownloadTime": 109,
              "EventId": 1999,
              "HttpStatus": 200,
              "Size": 669,
              "URL": "https://jpetstore.cfapps.io/images/reptiles_icon.gif"
            },
            {
              "CompressionType": "",
              "DataType": "image/gif",
              "DownloadTime": 125,
              "EventId": 1995,
              "HttpStatus": 200,
              "Size": 468,
              "URL": "https://jpetstore.cfapps.io/images/dogs_icon.gif"
            },
            {
              "CompressionType": "",
              "DataType": "image/gif",
              "DownloadTime": 110,
              "EventId": 1993,
              "HttpStatus": 200,
              "Size": 439,
              "URL": "https://jpetstore.cfapps.io/images/fish_icon.gif"
            },
            {
              "CompressionType": "",
              "DataType": "image/gif",
              "DownloadTime": 110,
              "EventId": 1991,
              "HttpStatus": 200,
              "Size": 306,
              "URL": "https://jpetstore.cfapps.io/images/sm_dogs.gif"
            },
            {
              "CompressionType": "",
              "DataType": "image/gif",
              "DownloadTime": 125,
              "EventId": 1989,
              "HttpStatus": 200,
              "Size": 251,
              "URL": "https://jpetstore.cfapps.io/images/sm_birds.gif"
            },
            {
              "CompressionType": "",
              "DataType": "image/gif",
              "DownloadTime": 110,
              "EventId": 1987,
              "HttpStatus": 200,
              "Size": 46,
              "URL": "https://jpetstore.cfapps.io/images/separator.gif"
            },
            {
              "CompressionType": "",
              "DataType": "image/gif",
              "DownloadTime": 250,
              "EventId": 1983,
              "HttpStatus": 200,
              "Size": 289,
              "URL": "https://jpetstore.cfapps.io/images/sm_cats.gif"
            },
            {
              "CompressionType": "",
              "DataType": "image/gif",
              "DownloadTime": 110,
              "EventId": 1979,
              "HttpStatus": 200,
              "Size": 398,
              "URL": "https://jpetstore.cfapps.io/images/sm_reptiles.gif"
            },
            {
              "CompressionType": "",
              "DataType": "text/css",
              "DownloadTime": 125,
              "EventId": 1973,
              "HttpStatus": 200,
              "Size": 5936,
              "URL": "https://jpetstore.cfapps.io/css/jpetstore.css"
            },
            {
              "CompressionType": "",
              "DataType": "text/html",
              "DownloadTime": 125,
              "EventId": 1964,
              "HttpStatus": 200,
              "Size": 6095,
              "URL": "https://jpetstore.cfapps.io/catalog"
            }
          ],
          "SSLCipher": "ECDHE-RSA-AES128-GCM-SHA256",
          "SSLVersion": "TLS1.2"
        }
      ],
      "IncludeInScript": true
    }
  ],
  "WebSocket": {
    "IncludeInScript": false,
    "IsScriptIncludeWebSocket": false
  },
  "NumberOfCorrelations": 10
}